City Web Link,City Name,URL,Mayor,Population,Street,City Name,State,Zip,County,Address,Latitude,Longitude,Location
City of Granite Falls,City of Granite Falls,http://ci.granite-falls.wa.us/,Matt Hartman,4775,PO Box 1440,Granite Falls,WA,98252,Snohomish,"PO Box 1440,Granite Falls,WA 98252",48.083437,-121.967388,"48.083437,-121.967388"
City of La Center,City of La Center,http://ci.lacenter.wa.us/,Tom Strobehn,3890,210 E 4th St,La Center,WA,98629-5430,Clark,"210 E 4th St,La Center,WA 98629-5430",45.861905,-122.669485,"45.861905,-122.669485"
City of Stevenson,City of Stevenson,http://ci.stevenson.wa.us/,Scott Anderson,1565,PO Box 371,Stevenson,WA,98648,Skamania,"PO Box 371,Stevenson,WA 98648",45.695417,-121.884725,"45.695417,-121.884725"
City of Montesano,City of Montesano,http://cityofmontesano.com/,Vini Samuel,4090,112 N Main St,Montesano,WA,98563-3707,Grays Harbor,"112 N Main St,Montesano,WA 98563-3707",46.98238,-123.60066,"46.98238,-123.60066"
City of Raymond,City of Raymond,http://cityofraymond.com/,Dee Roberts,3110,230 2nd St,Raymond,WA,98577-2406,Pacific,"230 2nd St,Raymond,WA 98577-2406",46.685325,-123.73487,"46.685325,-123.73487"
City of Tieton,City of Tieton,http://cityoftieton.com/departments/,Dewane Ashbrooks,1545,PO Box 357,Tieton,WA,98947,Yakima,"PO Box 357,Tieton,WA 98947",46.702069,-120.75535,"46.702069,-120.75535"
City of Toppenish,City of Toppenish,http://cityoftoppenish.us/,Elpidia Saavedra,8900,21 W 1st Ave,Toppenish,WA,98948-1524,Yakima,"21 W 1st Ave,Toppenish,WA 98948-1524",46.375288,-120.310875,"46.375288,-120.310875"
Town of Fairfield,Town of Fairfield,http://fairfieldwa.com/,Jamie Paden,600,PO Box 334,Fairfield,WA,99012,Spokane,"PO Box 334,Fairfield,WA 99012",47.385175,-117.171579,"47.385175,-117.171579"
City of Kenmore,City of Kenmore,http://kenmorewa.gov/,Nigel Herbig,24230,18120 68th Ave NE,Kenmore,WA,98028-2701,King,"18120 68th Ave NE,Kenmore,WA 98028-2701",47.76051,-122.24938,"47.76051,-122.24938"
City of Mesa,City of Mesa,http://localtown.us/mesa-wa/,Jim Cronenwett,390,PO Box 146,Mesa,WA,99343,Franklin,"PO Box 146,Mesa,WA 99343",46.57625,-119.006673,"46.57625,-119.006673"
City of Oroville,City of Oroville,http://oroville-wa.com/index.php/officials-staff/,Jon Neal,1810,PO Box 2200,Oroville,WA,98844,Okanogan,"PO Box 2200,Oroville,WA 98844",48.937615,-119.436169,"48.937615,-119.436169"
Town of Hamilton,Town of Hamilton,http://townofhamiltonwa.com/,Mandy Bates,295,PO Box 528,Hamilton,WA,98255,Skagit,"PO Box 528,Hamilton,WA 98255",48.526005,-121.988963,"48.526005,-121.988963"
Town of Lamont,Town of Lamont,http://townoflamont.weebly.com/,Phyllis Bogner,85,302 8th St,Lamont,WA,99017-8771,Whitman,"302 8th St,Lamont,WA 99017-8771",47.20018,-117.90879,"47.20018,-117.90879"
Town of Almira,Town of Almira,http://www.almirawashington.com/,Jason Evers,320,PO Box 215,Almira,WA,99103,Lincoln,"PO Box 215,Almira,WA 99103",47.710982,-118.940846,"47.710982,-118.940846"
City of Black Diamond,City of Black Diamond,http://www.blackdiamondwa.gov/,Carol Benson,6880,PO Box 599,Black Diamond,WA,98010,King,"PO Box 599,Black Diamond,WA 98010",47.308308,-122.003758,"47.308308,-122.003758"
City of Airway Heights,City of Airway Heights,http://www.cawh.org/,Larry Bowman,11280,1208 S Lundstrom St,Airway Heights,WA,99001-9000,Spokane,"1208 S Lundstrom St,Airway Heights,WA 99001-9000",47.644395,-117.593525,"47.644395,-117.593525"
City of Bonney Lake,City of Bonney Lake,http://www.ci.bonney-lake.wa.us/,Michael McCullough,23250,PO Box 7380,Bonney Lake,WA,98391,Pierce,"PO Box 7380,Bonney Lake,WA 98391",47.187019,-122.170229,"47.187019,-122.170229"
City of Bremerton,City of Bremerton,http://www.ci.bremerton.wa.us/,Greg Wheeler,44640,345 6th St Ste 100,Bremerton,WA,98337-1873,Kitsap,"345 6th St Ste 100,Bremerton,WA 98337-1873",47.566945,-122.62585,"47.566945,-122.62585"
City of Brier,City of Brier,http://www.ci.brier.wa.us/,Dale Kaemingk,6610,2901 228th St SW,Brier,WA,98036-8321,Snohomish,"2901 228th St SW,Brier,WA 98036-8321",47.792355,-122.27225,"47.792355,-122.27225"
City of Issaquah,City of Issaquah,http://www.ci.issaquah.wa.us/,Mary Lou Pauly,41290,PO Box 1307,Issaquah,WA,98027,King,"PO Box 1307,Issaquah,WA 98027",47.542286,-122.042454,"47.542286,-122.042454"
City of Richland,City of Richland,http://www.ci.richland.wa.us/,Terry Christensen,63320,625 Swift Blvd Attn: AP MS-05,Richland,WA,99352-3510,Benton,"625 Swift Blvd Attn: AP MS-05,Richland,WA 99352-3510",46.2802,-119.27601,"46.2802,-119.27601"
City of Roslyn,City of Roslyn,http://www.ci.roslyn.wa.us/,Brent Hals,960,PO Box 451,Roslyn,WA,98941,Kittitas,"PO Box 451,Roslyn,WA 98941",47.22396,-120.994114,"47.22396,-120.994114"
City of Snohomish,City of Snohomish,http://www.ci.snohomish.wa.us/Directory.aspx,Linda Redmon,10330,PO Box 1589,Snohomish,WA,98291-1589,Snohomish,"PO Box 1589,Snohomish,WA 98291-1589",47.928198,-122.097652,"47.928198,-122.097652"
City of Stanwood,City of Stanwood,http://www.ci.stanwood.wa.us/directory,Sid Roberts,8585,10220 270th St NW,Stanwood,WA,98292-8022,Snohomish,"10220 270th St NW,Stanwood,WA 98292-8022",48.238895,-122.32456,"48.238895,-122.32456"
City of Westport,City of Westport,http://www.ci.westport.wa.us/,Rob Bearden,2295,PO Box 505,Westport,WA,98595,Grays Harbor,"PO Box 505,Westport,WA 98595",46.889789,-124.110419,"46.889789,-124.110419"
City of Woodland,City of Woodland,http://www.ci.woodland.wa.us/,Will Finn,6570,PO Box 9,Woodland,WA,98674,"Cowlitz, Clark","PO Box 9,Woodland,WA 98674",45.910972,-122.740833,"45.910972,-122.740833"
City of Brewster,City of Brewster,http://www.cityofbrewsterwashington.org/,Art Smyth,1995,PO Box 340,Brewster,WA,98812,Okanogan,"PO Box 340,Brewster,WA 98812",48.095978,-119.780617,"48.095978,-119.780617"
City of Centralia,City of Centralia,http://www.cityofcentralia.com/,Kelly Smith Johnston,18400,PO Box 609,Centralia,WA,98531,Lewis,"PO Box 609,Centralia,WA 98531",46.715461,-122.957006,"46.715461,-122.957006"
City of Edgewood,City of Edgewood,http://www.cityofedgewood.org/,Daryl Eidinger,13590,2224 104th Ave E,Edgewood,WA,98372-1513,Pierce,"2224 104th Ave E,Edgewood,WA 98372-1513",47.23786,-122.27343,"47.23786,-122.27343"
City of Kittitas,City of Kittitas,http://www.cityofkittitas.com/,Richard Dean Hink Jr.,1440,PO Box 719,Kittitas,WA,98934,Kittitas,"PO Box 719,Kittitas,WA 98934",46.983822,-120.41829,"46.983822,-120.41829"
City of Mattawa,City of Mattawa,http://www.cityofmattawa.com/,Maria Celaya,3575,PO Box 965,Mattawa,WA,99349,Grant,"PO Box 965,Mattawa,WA 99349",46.737905,-119.902823,"46.737905,-119.902823"
City of Mountlake Terrace,City of Mountlake Terrace,http://www.cityofmlt.com/,Kyoko Matsumoto Wright,23810,PO Box 72,Mountlake Terrace,WA,98043,Snohomish,"PO Box 72,Mountlake Terrace,WA 98043",47.787859,-122.310306,"47.787859,-122.310306"
City of Mossyrock,City of Mossyrock,http://www.cityofmossyrock.com/,Randall Sasser,785,PO Box 96,Mossyrock,WA,98564,Lewis,"PO Box 96,Mossyrock,WA 98564",46.530381,-122.485108,"46.530381,-122.485108"
City of Napavine,City of Napavine,http://www.cityofnapavine.com/,Shawn O'Neill,1995,PO Box 810,Napavine,WA,98565,Lewis,"PO Box 810,Napavine,WA 98565",46.575241,-122.90894,"46.575241,-122.90894"
City of Nooksack,City of Nooksack,http://www.cityofnooksack.com/,Kevin Hester,1560,103 W Madison St,Nooksack,WA,98276-7048,Whatcom,"103 W Madison St,Nooksack,WA 98276-7048",48.9273,-122.3229,"48.9273,-122.3229"
City of Orting,City of Orting,http://www.cityoforting.org/,Joshua Penner,9110,PO Box 489,Orting,WA,98360,Pierce,"PO Box 489,Orting,WA 98360",47.096848,-122.204464,"47.096848,-122.204464"
City of Puyallup,City of Puyallup,http://www.cityofpuyallup.org/Directory.aspx,Dean Johnson,43420,333 S Meridian,Puyallup,WA,98371-5904,Pierce,"333 S Meridian,Puyallup,WA 98371-5904",47.189255,-122.293281,"47.189255,-122.293281"
City of Rainier,City of Rainier,http://www.cityofrainierwa.org/,Robert Shaw,2555,PO Box 258,Rainier,WA,98576,Thurston,"PO Box 258,Rainier,WA 98576",46.891055,-122.689346,"46.891055,-122.689346"
City of University Place,City of University Place,http://www.cityofup.com/,Steve Worthington,35580,3609 Market Pl W Ste 200,University Place,WA,98466-4488,Pierce,"3609 Market Pl W Ste 200,University Place,WA 98466-4488",47.225879,-122.535847,"47.225879,-122.535847"
City of Warden,City of Warden,http://www.cityofwarden.org/index.php?option=com_contact&view=category&id=16&Itemid=328,Tony Massa,2625,121 S Main St,Warden,WA,98857-9651,Grant,"121 S Main St,Warden,WA 98857-9651",46.96888,-119.041,"46.96888,-119.041"
City of Winlock,City of Winlock,http://www.cityofwinlock.com/index.html,Brandon Svenson,1835,PO Box 777,Winlock,WA,98596,Lewis,"PO Box 777,Winlock,WA 98596",46.492403,-122.938836,"46.492403,-122.938836"
City of Zillah,City of Zillah,http://www.cityofzillah.us/,Scott Carmack,3215,PO Box 475,Zillah,WA,98953,Yakima,"PO Box 475,Zillah,WA 98953",46.402073,-120.261999,"46.402073,-120.261999"
Town of Colton,Town of Colton,http://www.coltonwashington.us/,Jerry Weber,410,PO Box 157,Colton,WA,99113,Whitman,"PO Box 157,Colton,WA 99113",46.56786,-117.128329,"46.56786,-117.128329"
City of College Place,City of College Place,http://www.cpwa.us/,Norma Hernandez,9890,625 S College Ave,College Place,WA,99324-1516,Walla Walla,"625 S College Ave,College Place,WA 99324-1516",46.04305,-118.38806,"46.04305,-118.38806"
City of Edmonds,City of Edmonds,http://www.edmondswa.gov/,Michael Nelson,43370,121 5th Ave N,Edmonds,WA,98020-3145,Snohomish,"121 5th Ave N,Edmonds,WA 98020-3145",47.811315,-122.37716,"47.811315,-122.37716"
City of Ephrata,City of Ephrata,http://www.ephrata.org/,Bruce Reim,8690,121 Alder St SW,Ephrata,WA,98823-1840,Grant,"121 Alder St SW,Ephrata,WA 98823-1840",47.31904,-119.55151,"47.31904,-119.55151"
Town of Farmington,Town of Farmington,http://www.farmingtonwa.com/,Brian Oliver,140,PO Box 65,Farmington,WA,99128,Whitman,"PO Box 65,Farmington,WA 99128",47.08934,-117.044061,"47.08934,-117.044061"
Town of Friday Harbor,Town of Friday Harbor,http://www.fridayharbor.org/,Ray Jackson,2715,PO Box 219,Friday Harbor,WA,98250,San Juan,"PO Box 219,Friday Harbor,WA 98250",48.534266,-123.017124,"48.534266,-123.017124"
City of Grand Coulee,City of Grand Coulee,http://www.gccitywa.org/,Paul Townsend,960,PO Box 180,Grand Coulee,WA,99133,Grant,"PO Box 180,Grand Coulee,WA 99133",47.941541,-119.003355,"47.941541,-119.003355"
City of Granger,City of Granger,http://www.grangerwashington.org/,Jose Trevino,3775,PO Box 1100,Granger,WA,98932,Yakima,"PO Box 1100,Granger,WA 98932",46.342074,-120.187273,"46.342074,-120.187273"
City of Kettle Falls,City of Kettle Falls,http://www.kettle-falls.com/,Jesse Garrett,1640,PO Box 457,Kettle Falls,WA,99141,Stevens,"PO Box 457,Kettle Falls,WA 99141",48.610516,-118.056338,"48.610516,-118.056338"
City of Kirkland,City of Kirkland,http://www.kirklandwa.gov/,Penny Sweet,96920,123 5th Ave,Kirkland,WA,98033-6121,King,"123 5th Ave,Kirkland,WA 98033-6121",47.678345,-122.207115,"47.678345,-122.207115"
Town of LaCrosse,Town of LaCrosse,http://www.lacrossewa.us/,Randy Camp,295,PO Box 228,LaCrosse,WA,99143,Whitman,"PO Box 228,LaCrosse,WA 99143",46.814045,-117.881883,"46.814045,-117.881883"
Town of Latah,Town of Latah,http://www.latahwa.com/,Carole Meissner,185,PO Box 130,Latah,WA,99018,Spokane,"PO Box 130,Latah,WA 99018",47.281564,-117.155461,"47.281564,-117.155461"
Town of Mansfield,Town of Mansfield,http://www.mansfieldwashington.org/,Clint Wall,330,PO Box 218,Mansfield,WA,98830,Douglas,"PO Box 218,Mansfield,WA 98830",47.811532,-119.636714,"47.811532,-119.636714"
City of Medina,City of Medina,http://www.medina-wa.gov/,Jessica Rossman,2925,PO Box 144,Medina,WA,98039,King,"PO Box 144,Medina,WA 98039",47.678485,-122.19496,"47.678485,-122.19496"
City of Mercer Island,City of Mercer Island,http://www.mercergov.org/,Salim Nice,25800,9611 SE 36th St,Mercer Island,WA,98040-3732,King,"9611 SE 36th St,Mercer Island,WA 98040-3732",47.57758,-122.21048,"47.57758,-122.21048"
City of Monroe,City of Monroe,http://www.monroewa.gov/directory.aspx,Geoffrey Thomas,20590,806 W Main St,Monroe,WA,98272-2125,Snohomish,"806 W Main St,Monroe,WA 98272-2125",47.85134,-121.98165,"47.85134,-121.98165"
City of Mount Vernon,City of Mount Vernon,http://www.mountvernonwa.gov/,Jill Boudreau,35590,910 Cleveland Ave,Mount Vernon,WA,98273,Skagit,"910 Cleveland Ave,Mount Vernon,WA 98273",48.41627,-122.33836,"48.41627,-122.33836"
City of Newcastle,City of Newcastle,http://www.newcastlewa.gov/cms/One.aspx?portalId=4026119&pageId=4130474,Linda Newing,13610,12835 Newcastle Way #200,Newcastle,WA,98056-1316,King,"12835 Newcastle Way #200,Newcastle,WA 98056-1316",47.538545,-122.16886,"47.538545,-122.16886"
City of Newport,City of Newport,http://www.newport-wa.org/,Keith Campbell,2135,200 S Washington Ave,Newport,WA,99156-9670,Pend Oreille,"200 S Washington Ave,Newport,WA 99156-9670",48.17988,-117.04358,"48.17988,-117.04358"
City of North Bend,City of North Bend,http://www.northbendwa.gov/directory.aspx,Rob McFarland,8120,920 SE Cedar Falls Way,North Bend,WA,98045,King,"920 SE Cedar Falls Way,North Bend,WA 98045",47.4875,-121.77256,"47.4875,-121.77256"
City of North Bonneville,City of North Bonneville,http://www.northbonneville.net/,Brian Sabo,975,PO Box 7,North Bonneville,WA,98639,Skamania,"PO Box 7,North Bonneville,WA 98639",45.637339,-121.971193,"45.637339,-121.971193"
Town of Northport,Town of Northport,http://www.northportwa.us/,Karene Balcom,295,PO Box 177,Northport,WA,99157,Stevens,"PO Box 177,Northport,WA 99157",48.915582,-117.782622,"48.915582,-117.782622"
Town of Oakesdale,Town of Oakesdale,http://www.oakesdale.org/,Dennis Palmer,400,PO Box 246,Oakesdale,WA,99158,Whitman,"PO Box 246,Oakesdale,WA 99158",47.107615,-117.254676,"47.107615,-117.254676"
City of Oakville,City of Oakville,http://www.oakesdale.org/,Anthony Smith,720,PO Box D,Oakville,WA,98568,Grays Harbor,"PO Box D,Oakville,WA 98568",46.840886,-123.232773,"46.840886,-123.232773"
City of Oak Harbor,City of Oak Harbor,http://www.oakharbor.org/,Bob Severns,24780,865 SE Barrington Dr,Oak Harbor,WA,98277-3280,Island,"865 SE Barrington Dr,Oak Harbor,WA 98277-3280",48.29039,-122.64706,"48.29039,-122.64706"
Town of Odessa,Town of Odessa,http://www.odessawa.com/,Bill Crossley,890,PO Box 218,Odessa,WA,99159,Lincoln,"PO Box 218,Odessa,WA 99159",47.333202,-118.690827,"47.333202,-118.690827"
City of Olympia,City of Olympia,http://www.olympiawa.gov/,Cheryl Selby,56900,PO Box 1967,Olympia,WA,98507,Thurston,"PO Box 1967,Olympia,WA 98507",47.04108,-122.895757,"47.04108,-122.895757"
City of Omak,City of Omak,http://www.omakcity.com/city_directory.html,Cindy Gagne,4980,PO Box 72,Omak,WA,98841,Okanogan,"PO Box 72,Omak,WA 98841",48.410985,-119.52755,"48.410985,-119.52755"
City of Ocean Shores,City of Ocean Shores,http://www.osgov.com/,Jon Martin,7380,PO Box 909,Ocean Shores,WA,98569,Grays Harbor,"PO Box 909,Ocean Shores,WA 98569",46.973703,-124.156277,"46.973703,-124.156277"
City of Othello,City of Othello,http://www.othellowa.gov/,Shawn Logan,9005,500 E Main St,Othello,WA,99344-1149,Adams,"500 E Main St,Othello,WA 99344-1149",46.82583,-119.17034,"46.82583,-119.17034"
City of Pacific,City of Pacific,http://www.pacificwa.gov/,Leanne Guier,7270,100 3rd Ave SE,Pacific,WA,98047-1349,"King, Pierce","100 3rd Ave SE,Pacific,WA 98047-1349",47.264205,-122.249102,"47.264205,-122.249102"
City of Pasco,City of Pasco,http://www.pasco-wa.gov/,Blanche Barajas,81280,PO Box 293,Pasco,WA,99301,Franklin,"PO Box 293,Pasco,WA 99301",46.240496,-119.137083,"46.240496,-119.137083"
City of Pateros,City of Pateros,http://www.pateros.com/,Kelly Hook,595,PO Box 8,Pateros,WA,98846,Okanogan,"PO Box 8,Pateros,WA 98846",48.050976,-119.903401,"48.050976,-119.903401"
City of Prescott,City of Prescott,http://www.prescottwa.com/,Brent (Jay) Potts,375,PO Box 27,Prescott,WA,99348,Walla Walla,"PO Box 27,Prescott,WA 99348",46.299584,-118.314968,"46.299584,-118.314968"
City of Pullman,City of Pullman,http://www.pullman-wa.gov/,Glenn Johnson,33060,190 SE Crestview St Bld A,Pullman,WA,99163,Whitman,"190 SE Crestview St Bld A,Pullman,WA 99163",46.71962,-117.18237,"46.71962,-117.18237"
City of Quincy,City of Quincy,http://www.quincywashington.us/,Paul Worley,8065,PO Box 338,Quincy,WA,98848,Grant,"PO Box 338,Quincy,WA 98848",47.2343,-119.85255,"47.2343,-119.85255"
City of Redmond,City of Redmond,http://www.redmond.gov/,Angela Birney,77490,PO Box 97010,Redmond,WA,98073,King,"PO Box 97010,Redmond,WA 98073",47.673014,-122.119332,"47.673014,-122.119332"
City of Rock Island,City of Rock Island,http://www.rockislandwa.org/,Randy Agnew,1570,PO Box 99,Rock Island,WA,98850,Douglas,"PO Box 99,Rock Island,WA 98850",47.377073,-120.143952,"47.377073,-120.143952"
City of SeaTac,City of SeaTac,http://www.seatacwa.gov/government/contact-us,Jake Simpson,31740,4800 S 188th St Ste 100,SeaTac,WA,98188-8605,King,"4800 S 188th St Ste 100,SeaTac,WA 98188-8605",47.43379,-122.272715,"47.43379,-122.272715"
City of Seattle,City of Seattle,http://www.seattle.gov/,Bruce Harrell,779200,PO Box 34025,Seattle,WA,98124,King,"PO Box 34025,Seattle,WA 98124",47.608668,-122.336457,"47.608668,-122.336457"
City of Sequim,City of Sequim,http://www.sequimwa.gov/directory.aspx,Tom Ferrell,8350,152 W Cedar St,Sequim,WA,98382-3317,Clallam,"152 W Cedar St,Sequim,WA 98382-3317",48.08081,-123.10368,"48.08081,-123.10368"
City of Shoreline,City of Shoreline,http://www.shorelinewa.gov/,Keith Scully,61120,17500 Midvale Ave N,Shoreline,WA,98133,King,"17500 Midvale Ave N,Shoreline,WA 98133",47.75623,-122.34391,"47.75623,-122.34391"
City of Spokane Valley,City of Spokane Valley,http://www.spokanevalley.org/content/6836/6898/default.aspx,Pam Haley,107400,10210 E Sprague Ave,Spokane Valley,WA,99206-3682,Spokane,"10210 E Sprague Ave,Spokane Valley,WA 99206-3682",47.65656,-117.26758,"47.65656,-117.26758"
City of Sunnyside,City of Sunnyside,http://www.sunnyside-wa.us/,Dean Broersma,16530,818 E Edison Ave,Sunnyside,WA,98944-2206,Yakima,"818 E Edison Ave,Sunnyside,WA 98944-2206",46.32593,-119.96855,"46.32593,-119.96855"
City of Tekoa,City of Tekoa,http://www.tekoawa.com/,Roy Schulz,805,PO Box 927,Tekoa,WA,99033,Whitman,"PO Box 927,Tekoa,WA 99033",47.223368,-117.070876,"47.223368,-117.070876"
City of Toledo,City of Toledo,http://www.toledowa.us/,Steve Dobosh,695,PO Box 236,Toledo,WA,98591,Lewis,"PO Box 236,Toledo,WA 98591",46.440101,-122.846756,"46.440101,-122.846756"
Town of Concrete,Town of Concrete,http://www.townofconcrete.com/,Marla Reed,810,PO Box 39,Concrete,WA,98237,Skagit,"PO Box 39,Concrete,WA 98237",48.538673,-121.751977,"48.538673,-121.751977"
Town of Index,Town of Index,http://www.townofindex.com/,Norman Johnson,155,PO Box 88,Index,WA,98256,Snohomish,"PO Box 88,Index,WA 98256",47.820311,-121.554388,"47.820311,-121.554388"
Town of Steilacoom,Town of Steilacoom,http://www.townofsteilacoom.com/,Dick Muri,6825,1030 Roe St,Steilacoom,WA,98388-4010,Pierce,"1030 Roe St,Steilacoom,WA 98388-4010",47.16519,-122.58569,"47.16519,-122.58569"
Town of Twisp,Town of Twisp,http://www.townoftwisp.com/,Soo Ing-Moody,1075,PO Box 278,Twisp,WA,98856,Okanogan,"PO Box 278,Twisp,WA 98856",48.363478,-120.122303,"48.363478,-120.122303"
Town of Wilkeson,Town of Wilkeson,http://www.townofwilkeson.com/,Jeff Sellers,495,PO Box 89,Wilkeson,WA,98396,Pierce,"PO Box 89,Wilkeson,WA 98396",47.10538,-122.045667,"47.10538,-122.045667"
Town of Winthrop,Town of Winthrop,http://www.townofwinthrop.com/,Sally Ranzau,580,PO Box 459,Winthrop,WA,98862,Okanogan,"PO Box 459,Winthrop,WA 98862",48.477923,-120.186196,"48.477923,-120.186196"
City of Vader,City of Vader,http://www.vaderwa.org/,Joseph Schey,650,PO Box 189,Vader,WA,98593,Lewis,"PO Box 189,Vader,WA 98593",46.39636,-122.950084,"46.39636,-122.950084"
City of Palouse,City of Palouse,http://www.visitpalouse.com/,Tim Sievers,1050,PO Box 248,Palouse,WA,99161,Whitman,"PO Box 248,Palouse,WA 99161",46.910106,-117.075306,"46.910106,-117.075306"
Town of Washtucna,Town of Washtucna,http://www.washtucna.org/,Brian Hille,210,165 S Main Street,Washtucna,WA,99371,Adams,"165 S Main Street,Washtucna,WA 99371",46.75208,-118.31414,"46.75208,-118.31414"
Town of Waterville,Town of Waterville,http://www.washtucna.org/,Jill Daling Thompson,1145,PO Box 580,Waterville,WA,98858,Douglas,"PO Box 580,Waterville,WA 98858",47.647332,-120.071394,"47.647332,-120.071394"
Town of Wilbur,Town of Wilbur,http://www.wilburwa.com/,Erica Hearrean,895,PO Box 214,Wilbur,WA,99185,Lincoln,"PO Box 214,Wilbur,WA 99185",47.758763,-118.705559,"47.758763,-118.705559"
Town of Wilson Creek,Town of Wilson Creek,http://www.wilsoncreekwa.com/,Robert Herron,205,PO Box 162,Wilson Creek,WA,98860,Grant,"PO Box 162,Wilson Creek,WA 98860",47.423201,-119.12085,"47.423201,-119.12085"
City of Bellevue,City of Bellevue,https://bellevuewa.gov/,Lynne Robinson,154600,PO Box 90012,Bellevue,WA,98009,King,"PO Box 90012,Bellevue,WA 98009",47.62071,-122.201473,"47.62071,-122.201473"
City of Ellensburg,City of Ellensburg,https://ci.ellensburg.wa.us/,Nancy Lillquist,20900,501 N Anderson St,Ellensburg,WA,98926-3147,Kittitas,"501 N Anderson St,Ellensburg,WA 98926-3147",46.99717,-120.54259,"46.99717,-120.54259"
City of Chelan,City of Chelan,https://cityofchelan.us/,Robert Goedde,4470,PO Box 1669,Chelan,WA,98816,Chelan,"PO Box 1669,Chelan,WA 98816",47.840625,-120.017191,"47.840625,-120.017191"
City of Leavenworth,City of Leavenworth,https://cityofleavenworth.com/,Carl Florea,2590,PO Box 287,Leavenworth,WA,98826,Chelan,"PO Box 287,Leavenworth,WA 98826",47.596914,-120.661082,"47.596914,-120.661082"
City of Moxee,City of Moxee,https://cityofmoxee.us/,Leroy Lenseigne,4785,PO Box 249,Moxee,WA,98936,Yakima,"PO Box 249,Moxee,WA 98936",46.553168,-120.380047,"46.553168,-120.380047"
City of Mukilteo,City of Mukilteo,https://cityofmoxee.us/,Joe Marine,21590,11930 Cyrus Way,Mukilteo,WA,98275-5408,Snohomish,"11930 Cyrus Way,Mukilteo,WA 98275-5408",47.88955,-122.289685,"47.88955,-122.289685"
City of Poulsbo,City of Poulsbo,https://cityofpoulsbo.com/contact-city-staff/,Becky Erickson,12400,200 NE Moe St,Poulsbo,WA,98370-7347,Kitsap,"200 NE Moe St,Poulsbo,WA 98370-7347",47.735645,-122.645835,"47.735645,-122.645835"
City of Prosser,City of Prosser,https://cityofprosser.com/staffdirectory,Randy Taylor,6445,PO Box 1639,Prosser,WA,99350,Benton,"PO Box 1639,Prosser,WA 99350",46.206586,-119.763645,"46.206586,-119.763645"
City of Port Townsend,City of Port Townsend,https://cityofpt.us/,David Faber,10330,250 Madison St Ste 2,Port Townsend,WA,98368-5738,Jefferson,"250 Madison St Ste 2,Port Townsend,WA 98368-5738",48.116133,-122.753513,"48.116133,-122.753513"
City of Tenino,City of Tenino,https://cityoftenino.us/,Wayne Fournier,2045,PO Box 4019,Tenino,WA,98589,Thurston,"PO Box 4019,Tenino,WA 98589",46.856741,-122.850293,"46.856741,-122.850293"
Town of Endicott,Town of Endicott,https://endicottwa.wordpress.com/,Steve Salzman,310,201 C St,Endicott,WA,99125,Whitman,"201 C St,Endicott,WA 99125",46.92962,-117.68495,"46.92962,-117.68495"
City of Everett,City of Everett,https://everettwa.gov/,Cassie Franklin,114200,2930 Wetmore Ave Ste 1-A,Everett,WA,98201-4067,Snohomish,"2930 Wetmore Ave Ste 1-A,Everett,WA 98201-4067",47.978365,-122.207615,"47.978365,-122.207615"
City of Forks,City of Forks,https://forkswashington.org/,Tim Fletcher,3395,500 E Division St,Forks,WA,98331-8618,Clallam,"500 E Division St,Forks,WA 98331-8618",47.94981,-124.37944,"47.94981,-124.37944"
Town of Malden,Town of Malden,https://maldenwaorg.wordpress.com/,Dan Harwood,135,PO Box 248,Malden,WA,99149,Whitman,"PO Box 248,Malden,WA 99149",47.228935,-117.472586,"47.228935,-117.472586"
City of Spokane,City of Spokane,https://my.spokanecity.org/directory/,Nadine Woodward,232700,808 W Spokane Falls Blvd,Spokane,WA,99201-3333,Spokane,"808 W Spokane Falls Blvd,Spokane,WA 99201-3333",47.66045,-117.42414,"47.66045,-117.42414"
City of Normandy Park,City of Normandy Park,https://normandyparkwa.gov/services/city-staff-directory/,Sue-Ann Hohimer,6840,801 SW 174th St,Normandy Park,WA,98166-3679,King,"801 SW 174th St,Normandy Park,WA 98166-3679",47.44542,-122.34545,"47.44542,-122.34545"
City of Port Orchard,City of Port Orchard,https://portorchardwa.gov/,Rob Putaansuu,17480,216 Prospect St,Port Orchard,WA,98366-5326,Kitsap,"216 Prospect St,Port Orchard,WA 98366-5326",47.54116,-122.638805,"47.54116,-122.638805"
City of Ridgefield,City of Ridgefield,https://ridgefieldwa.us/government/city-departments/staff-directory/,Jennifer Lindsay,15180,PO Box 608,Ridgefield,WA,98642,Clark,"PO Box 608,Ridgefield,WA 98642",45.816754,-122.746527,"45.816754,-122.746527"
City of Selah,City of Selah,https://selahwa.gov/,Sherry Raymond,8450,115 W Naches Ave,Selah,WA,98942-1303,Yakima,"115 W Naches Ave,Selah,WA 98942-1303",46.654337,-120.531313,"46.654337,-120.531313"
City of Sprague,City of Sprague,https://sprague-wa.us/,Michael Coombs,500,119 W Second St,Sprague,WA,99032,Lincoln,"119 W Second St,Sprague,WA 99032",47.29919,-117.97634,"47.29919,-117.97634"
Town of Springdale,Town of Springdale,https://springdale.community/,Stefany Smith,290,PO Box 220,Springdale,WA,99173,Stevens,"PO Box 220,Springdale,WA 99173",48.058166,-117.741863,"48.058166,-117.741863"
City of Sumner,City of Sumner,https://sumnerwa.gov/contact-us/,Kathy Hayden,10800,1104 Maple St Ste 200,Sumner,WA,98390-1407,Pierce,"1104 Maple St Ste 200,Sumner,WA 98390-1407",47.20197,-122.24012,"47.20197,-122.24012"
Town of Darrington,Town of Darrington,https://townofdarrington.com/,Dan Rankin,1505,PO Box 397,Darrington,WA,98241,Snohomish,"PO Box 397,Darrington,WA 98241",48.249055,-121.6071225,"48.249055,-121.6071225"
Town of Pe Ell,Town of Pe Ell,https://townofpeell.com/,Lonnie Willey,655,PO Box 215,Pe Ell,WA,98572,Lewis,"PO Box 215,Pe Ell,WA 98572",46.571414,-123.296844,"46.571414,-123.296844"
City of Union Gap,City of Union Gap,https://uniongapwa.gov/,John Hodkinson,6660,PO Box 3008,Union Gap,WA,98903-0008,Yakima,"PO Box 3008,Union Gap,WA 98903-0008",46.57114,-120.508229,"46.57114,-120.508229"
City of Walla Walla,City of Walla Walla,https://wallawallawa.gov/government/city-directory,Tom Scribner,34310,15 N 3rd Ave,Walla Walla,WA,99362-1859,Walla Walla,"15 N 3rd Ave,Walla Walla,WA 99362-1859",46.06673,-118.34139,"46.06673,-118.34139"
City of Wapato,City of Wapato,https://wapato-city.org/,Margaret Estrada,4620,205 E 3rd St,Wapato,WA,98951-1326,Yakima,"205 E 3rd St,Wapato,WA 98951-1326",46.44627,-120.41791,"46.44627,-120.41791"
City of Aberdeen,City of Aberdeen,https://www.aberdeenwa.gov/,Peter Schave,17080,200 E Market St,Aberdeen,WA,98520-5242,Grays Harbor,"200 E Market St,Aberdeen,WA 98520-5242",46.9761,-123.81757,"46.9761,-123.81757"
City of Algona,City of Algona,https://www.algonawa.gov/,Troy Linnell,3315,200 Washington Blvd,Algona,WA,98001-8503,King,"200 Washington Blvd,Algona,WA 98001-8503",47.27779,-122.24754,"47.27779,-122.24754"
City of Arlington,City of Arlington,https://www.arlingtonwa.gov/,Barbara Tolbert,21740,238 N Olympic Ave,Arlington,WA,98223-1337,Snohomish,"238 N Olympic Ave,Arlington,WA 98223-1337",48.19463,-122.126697,"48.19463,-122.126697"
City of Auburn,City of Auburn,https://www.auburnwa.gov/,Nancy Backus,88820,25 W Main St,Auburn,WA,98001-4916,"King, Pierce","25 W Main St,Auburn,WA 98001-4916",47.30792,-122.23044,"47.30792,-122.23044"
City of Bainbridge Island,City of Bainbridge Island,https://www.bainbridgewa.gov/,Brenda Fantroy-Johnson,25180,280 Madison Ave N,Bainbridge Island,WA,98110-1812,Kitsap,"280 Madison Ave N,Bainbridge Island,WA 98110-1812",47.62627,-122.520485,"47.62627,-122.520485"
Town of Beaux Arts Village,Town of Beaux Arts Village,https://www.beauxarts-wa.gov/,Aletha Howes,315,10550 SE 27th St,Beaux Arts,WA,98004-7231,King,"10550 SE 27th St,Beaux Arts,WA 98004-7231",47.58646,-122.20083,"47.58646,-122.20083"
City of Bingen,City of Bingen,https://www.bingenwashington.org/,Catherine Kiewit,780,PO Box 607,Bingen,WA,98605-0607,Klickitat,"PO Box 607,Bingen,WA 98605-0607",45.714842,-121.464517,"45.714842,-121.464517"
City of Bothell,City of Bothell,https://www.bothellwa.gov/,Mason Thompson,49550,18415 101st Ave NE,Bothell,WA,98011-3403,"King, Snohomish","18415 101st Ave NE,Bothell,WA 98011-3403",47.76152,-122.206223,"47.76152,-122.206223"
City of Bridgeport,City of Bridgeport,https://www.bridgeportwashington.net/,Janet Conklin,2155,PO Box 640,Bridgeport,WA,98813,Douglas,"PO Box 640,Bridgeport,WA 98813",48.0082,-119.671164,"48.0082,-119.671164"
Town of Bucoda,Town of Bucoda,https://www.bucoda.us/,Robert Gordon,620,PO Box 10,Bucoda,WA,98530,Thurston,"PO Box 10,Bucoda,WA 98530",46.797721,-122.868456,"46.797721,-122.868456"
City of Burien,City of Burien,https://www.burienwa.gov/,Sofia Aragon,52560,400 SW 152nd St Ste 300,Burien,WA,98166-1917,King,"400 SW 152nd St Ste 300,Burien,WA 98166-1917",47.46715,-122.33961,"47.46715,-122.33961"
City of Burlington,City of Burlington,https://www.burlingtonwa.gov/,Steve Sexton,9905,833 S Spruce St,Burlington,WA,98233-2810,Skagit,"833 S Spruce St,Burlington,WA 98233-2810",48.46869,-122.33093,"48.46869,-122.33093"
Town of Carbonado,Town of Carbonado,https://www.carbonado.org/,Kevin Vesey,745,PO Box 91,Carbonado,WA,98323,Pierce,"PO Box 91,Carbonado,WA 98323",47.079722,-122.051434,"47.079722,-122.051434"
City of Carnation,City of Carnation,https://www.carnationwa.gov/,Kim Lisk,2225,PO Box 1238,Carnation,WA,98014,King,"PO Box 1238,Carnation,WA 98014",47.647513,-121.912942,"47.647513,-121.912942"
City of Benton City,City of Benton City,https://www.ci.benton-city.wa.us/,Linda Lehman,3810,PO Box 70,Benton City,WA,99320,Benton,"PO Box 70,Benton City,WA 99320",46.26319,-119.487802,"46.26319,-119.487802"
City of Blaine,City of Blaine,https://www.ci.blaine.wa.us/,Mary Lou Steward,6310,435 Martin St Ste 3000,Blaine,WA,98230-4106,Whatcom,"435 Martin St Ste 3000,Blaine,WA 98230-4106",48.99294,-122.74717,"48.99294,-122.74717"
City of Castle Rock,City of Castle Rock,https://www.ci.castle-rock.wa.us/,Paul Helenberg,2460,PO Box 370,Castle Rock,WA,98611,Cowlitz,"PO Box 370,Castle Rock,WA 98611",46.273991,-122.904919,"46.273991,-122.904919"
City of Chehalis,City of Chehalis,https://www.ci.chehalis.wa.us/,Tony Ketchum,7400,350 N Market Blvd Rm 101,Chehalis,WA,98532-2620,Lewis,"350 N Market Blvd Rm 101,Chehalis,WA 98532-2620",46.663925,-122.96705,"46.663925,-122.96705"
City of Everson,City of Everson,https://www.ci.everson.wa.us/,John Perry,3135,PO Box 315,Everson,WA,98247,Whatcom,"PO Box 315,Everson,WA 98247",48.919617,-122.338603,"48.919617,-122.338603"
City of Goldendale,City of Goldendale,https://www.ci.goldendale.wa.us/,Michael Canon,3485,1103 S Columbus Ave,Goldendale,WA,98620-9268,Klickitat,"1103 S Columbus Ave,Goldendale,WA 98620-9268",45.81435,-120.8231,"45.81435,-120.8231"
City of Lacey,City of Lacey,https://www.ci.lacey.wa.us/,Andy Ryder,59430,420 College St SE,Lacey,WA,98503,Thurston,"420 College St SE,Lacey,WA 98503",47.04492,-122.82268,"47.04492,-122.82268"
City of Sedro-Woolley,City of Sedro-Woolley,https://www.ci.sedro-woolley.wa.us/departments/index.php,Julia Johnson,12900,325 Metcalf St,Sedro-Woolley,WA,98284,Skagit,"325 Metcalf St,Sedro-Woolley,WA 98284",48.50906,-122.23777,"48.50906,-122.23777"
City of Snoqualmie,City of Snoqualmie,https://www.ci.snoqualmie.wa.us/,Katherine Ross,14500,PO Box 987,Snoqualmie,WA,98065,King,"PO Box 987,Snoqualmie,WA 98065",47.526316,-121.826371,"47.526316,-121.826371"
City of Sultan,City of Sultan,https://www.ci.sultan.wa.us/,Russell Wiita,6730,PO Box 1199,Sultan,WA,98294,Snohomish,"PO Box 1199,Sultan,WA 98294",47.862282,-121.814731,"47.862282,-121.814731"
City of Tumwater,City of Tumwater,https://www.ci.tumwater.wa.us/,Debbie Sullivan,27100,555 Israel Rd SW,Tumwater,WA,98501-6515,Thurston,"555 Israel Rd SW,Tumwater,WA 98501-6515",46.98475,-122.91167,"46.98475,-122.91167"
City of Woodinville,City of Woodinville,https://www.ci.woodinville.wa.us/information/city_hall/contact_us,Michael Millman,13830,17301 133rd Ave NE,Woodinville,WA,98072-8563,King,"17301 133rd Ave NE,Woodinville,WA 98072-8563",47.75291,-122.16225,"47.75291,-122.16225"
City of Anacortes,City of Anacortes,https://www.cityofanacortes.org/,Matthew Miller,18020,PO Box 547,Anacortes,WA,98221,Skagit,"PO Box 547,Anacortes,WA 98221",48.502012,-122.623736,"48.502012,-122.623736"
City of Asotin,City of Asotin,https://www.cityofasotin.org/,Dwayne Paris,1225,PO Box 517,Asotin,WA,99402,Asotin,"PO Box 517,Asotin,WA 99402",46.339327,-117.048212,"46.339327,-117.048212"
City of Battle Ground,City of Battle Ground,https://www.cityofbg.org/,Philip Johnson,21910,109 SW 1st St Ste 221,Battle Ground,WA,98604-2818,Clark,"109 SW 1st St Ste 221,Battle Ground,WA 98604-2818",45.779785,-122.53946,"45.779785,-122.53946"
City of Buckley,City of Buckley,https://www.cityofbuckley.com/,Beau Burkett,5555,PO Box 1960,Buckley,WA,98321,Pierce,"PO Box 1960,Buckley,WA 98321",47.16168,-122.031263,"47.16168,-122.031263"
City of Camas,City of Camas,https://www.cityofcamas.us/,Steve Hogan,27420,616 NE 4th Ave,Camas,WA,98607-2108,Clark,"616 NE 4th Ave,Camas,WA 98607-2108",45.58068,-122.38259,"45.58068,-122.38259"
City of Cashmere,City of Cashmere,https://www.cityofcashmere.org/,Jim Fletcher,3355,101 Woodring St,Cashmere,WA,98815-1034,Chelan,"101 Woodring St,Cashmere,WA 98815-1034",47.521225,-120.468033,"47.521225,-120.468033"
City of Cheney,City of Cheney,https://www.cityofcheney.org/,Christopher Grover,13160,609 2nd St,Cheney,WA,99004-1606,Spokane,"609 2nd St,Cheney,WA 99004-1606",47.48876,-117.57463,"47.48876,-117.57463"
City of Chewelah,City of Chewelah,https://www.cityofchewelah.org/,Greg McCunn,2580,PO Box 258,Chewelah,WA,99109,Stevens,"PO Box 258,Chewelah,WA 99109",48.276287,-117.715521,"48.276287,-117.715521"
City of Cle Elum,City of Cle Elum,https://www.cityofcleelum.com/,Jay McGowan,2255,119 W 1st St,Cle Elum,WA,98922-1105,Kittitas,"119 W 1st St,Cle Elum,WA 98922-1105",47.19481,-120.94018,"47.19481,-120.94018"
City of Connell,City of Connell,https://www.cityofconnell.com/,Lee Barrow,4960,PO Box 1200,Connell,WA,99326,Franklin,"PO Box 1200,Connell,WA 99326",46.660395,-118.861198,"46.660395,-118.861198"
City of Deer Park,City of Deer Park,https://www.cityofdeerparkwa.com/,Timothy Verzal,4925,PO Box F,Deer Park,WA,99006,Spokane,"PO Box F,Deer Park,WA 99006",47.954338,-117.476891,"47.954338,-117.476891"
City of Elma,City of Elma,https://www.cityofelma.com/,James Sorensen,3480,PO BOX 3005,Elma,WA,98541,Grays Harbor,"PO BOX 3005,Elma,WA 98541",47.003429,-123.408769,"47.003429,-123.408769"
City of Enumclaw,City of Enumclaw,https://www.cityofenumclaw.net/,Jan Molinaro,13090,1339 Griffin Ave,Enumclaw,WA,98022-3011,King,"1339 Griffin Ave,Enumclaw,WA 98022-3011",47.20448,-121.9909,"47.20448,-121.9909"
City of Federal Way,City of Federal Way,https://www.cityoffederalway.com/,Jim Ferrell,102000,33325 8th Ave S,Federal Way,WA,98003-6325,King,"33325 8th Ave S,Federal Way,WA 98003-6325",47.30397,-122.32656,"47.30397,-122.32656"
City of Ferndale,City of Ferndale,https://www.cityofferndale.org/,Greg Hansen,16330,PO Box 936,Ferndale,WA,98248,Whatcom,"PO Box 936,Ferndale,WA 98248",48.84667,-122.589724,"48.84667,-122.589724"
City of Fife,City of Fife,https://www.cityoffife.org/,Kim Roscoe,11150,5411 23rd St E,Fife,WA,98424-2061,Pierce,"5411 23rd St E,Fife,WA 98424-2061",47.23721,-122.35652,"47.23721,-122.35652"
City of Fircrest,City of Fircrest,https://www.cityoffircrest.net/,Hunter George,7235,115 Ramsdell St,Fircrest,WA,98466-6912,Pierce,"115 Ramsdell St,Fircrest,WA 98466-6912",47.23237,-122.50598,"47.23237,-122.50598"
City of Gig Harbor,City of Gig Harbor,https://www.cityofgigharbor.net/,Tracie Markley,13060,3510 Grandview St,Gig Harbor,WA,98335-1214,Pierce,"3510 Grandview St,Gig Harbor,WA 98335-1214",47.32229,-122.58515,"47.32229,-122.58515"
City of Gold Bar,City of Gold Bar,https://www.cityofgoldbar.us/,Steve Yarbrough,2305,107 5th St,Gold Bar,WA,98251-9275,Snohomish,"107 5th St,Gold Bar,WA 98251-9275",47.85581,-121.69787,"47.85581,-121.69787"
City of Hoquiam,City of Hoquiam,https://www.cityofhoquiam.com/,Benjamin Winkelman,8795,609 8th St,Hoquiam,WA,98550-3522,Grays Harbor,"609 8th St,Hoquiam,WA 98550-3522",46.97456,-123.88703,"46.97456,-123.88703"
City of Kalama,City of Kalama,https://www.cityofkalama.com/,Mike Reuter,3070,PO Box 1007,Kalama,WA,98625,Cowlitz,"PO Box 1007,Kalama,WA 98625",46.008523,-122.842471,"46.008523,-122.842471"
City of Lakewood,City of Lakewood,https://www.cityoflakewood.us/,Jason Whalen,64150,6000 Main St SW,Lakewood,WA,98499-5027,Pierce,"6000 Main St SW,Lakewood,WA 98499-5027",47.16143,-122.51556,"47.16143,-122.51556"
City of Lake Forest Park,City of Lake Forest Park,https://www.cityoflfp.com/,Jeff Johnson,13660,17425 Ballinger Way NE,Lake Forest Park,WA,98155-5556,King,"17425 Ballinger Way NE,Lake Forest Park,WA 98155-5556",47.753865,-122.27755,"47.753865,-122.27755"
City of McCleary,City of McCleary,https://www.cityofmccleary.com/,Chris Miller,2120,100 S 3rd St,McCleary,WA,98557-9652,Grays Harbor,"100 S 3rd St,McCleary,WA 98557-9652",47.05539,-123.26394,"47.05539,-123.26394"
City of Mill Creek,City of Mill Creek,https://www.cityofmillcreek.com/staff_directory,Brian Holtzclaw,21630,15728 Main St,Bothell,WA,98012-1518,Snohomish,"15728 Main St,Bothell,WA 98012-1518",47.854805,-122.22215,"47.854805,-122.22215"
City of Milton,City of Milton,https://www.cityofmilton.net/,Shanna Styron Sherrell,8715,1000 Laurel St,Milton,WA,98354-8887,"Pierce, King","1000 Laurel St,Milton,WA 98354-8887",47.249405,-122.321004,"47.249405,-122.321004"
City of Moses Lake,City of Moses Lake,https://www.cityofml.com,Don Myers,26210,PO Box 1579,Moses Lake,WA,98837,Grant,"PO Box 1579,Moses Lake,WA 98837",47.128959,-119.280175,"47.128959,-119.280175"
City of Port Angeles,City of Port Angeles,https://www.cityofpa.us/,Kate Dexter,20240,321 E 5th St,Port Angeles,WA,98362-3206,Clallam,"321 E 5th St,Port Angeles,WA 98362-3206",48.11427,-123.43213,"48.11427,-123.43213"
City of Pomeroy,City of Pomeroy,https://www.cityofpomeroy1.com/,Paul Miller,1395,PO Box 370,Pomeroy,WA,99347,Garfield,"PO Box 370,Pomeroy,WA 99347",46.474874,-117.60269,"46.474874,-117.60269"
City of Republic,City of Republic,https://www.cityofrepublic.org/,Elbert Koontz,1000,PO Box 331,Republic,WA,99166,Ferry,"PO Box 331,Republic,WA 99166",48.648218,-118.737807,"48.648218,-118.737807"
City of Ritzville,City of Ritzville,https://www.cityofritzville.com/,Linda Kadlec,1785,216 E Main Ave,Ritzville,WA,99169-1422,Adams,"216 E Main Ave,Ritzville,WA 99169-1422",47.12849,-118.37847,"47.12849,-118.37847"
City of Roy,City of Roy,https://www.cityofroywa.us/,Kimber Ivy,815,PO Box 700,Roy,WA,98580,Pierce,"PO Box 700,Roy,WA 98580",47.004264,-122.539846,"47.004264,-122.539846"
City of Sumas,City of Sumas,https://www.cityofsumas.com/,Bruce Bosch,1810,PO Box 9,Sumas,WA,98295,Whatcom,"PO Box 9,Sumas,WA 98295",48.998321,-122.265476,"48.998321,-122.265476"
City of Tacoma,City of Tacoma,https://www.cityoftacoma.org/cms/One.aspx,Victoria Woodards,222400,747 Market St,Tacoma,WA,98402-3701,Pierce,"747 Market St,Tacoma,WA 98402-3701",47.25581,-122.44185,"47.25581,-122.44185"
City of Vancouver,City of Vancouver,https://www.cityofvancouver.us/directory,Anne McEnerny-Ogle,199600,PO Box 1995,Vancouver,WA,98668,Clark,"PO Box 1995,Vancouver,WA 98668",45.640802,-122.623914,"45.640802,-122.623914"
City of Waitsburg,City of Waitsburg,https://www.cityofwaitsburg.com/,Martin Dunn,1185,PO Box 35,Waitsburg,WA,99361,Walla Walla,"PO Box 35,Waitsburg,WA 99361",46.270418,-118.153286,"46.270418,-118.153286"
City of Washougal,City of Washougal,https://www.cityofwashougal.us/directory,David Stuebe,17490,1701 C St,Washougal,WA,98671-2333,Clark,"1701 C St,Washougal,WA 98671-2333",45.57939,-122.35408,"45.57939,-122.35408"
City of Clarkston,City of Clarkston,https://www.clarkston-wa.com/,Monika Lawrence,7220,829 5th St,Clarkston,WA,99403-2633,Asotin,"829 5th St,Clarkston,WA 99403-2633",46.41352,-117.04385,"46.41352,-117.04385"
City of Clyde Hill,City of Clyde Hill,https://www.clydehill.org/,Marianne Klaas,3115,9605 NE 24th St,Clyde Hill,WA,98004-2141,King,"9605 NE 24th St,Clyde Hill,WA 98004-2141",47.63172,-122.21212,"47.63172,-122.21212"
City of Bellingham,City of Bellingham,https://www.cob.org/,Seth Fleetwood,95960,210 Lottie St,Bellingham,WA,98225,Whatcom,"210 Lottie St,Bellingham,WA 98225",48.755353,-122.478843,"48.755353,-122.478843"
City of Colfax,City of Colfax,https://www.colfaxwa.org/,James Retzer,2785,PO Box 229,Colfax,WA,99111,Whitman,"PO Box 229,Colfax,WA 99111",46.880166,-117.36435,"46.880166,-117.36435"
City of Colville,City of Colville,https://www.colville.wa.us/,Jack Smith,4925,170 S Oak St,Colville,WA,99114-2846,Stevens,"170 S Oak St,Colville,WA 99114-2846",48.5439,-117.90447,"48.5439,-117.90447"
Town of Conconully,Town of Conconully,https://www.colville.wa.us/,Sam Martin,195,PO Box 127,Conconully,WA,98819,Okanogan,"PO Box 127,Conconully,WA 98819",48.557371,-119.749789,"48.557371,-119.749789"
City of Cosmopolis,City of Cosmopolis,https://www.cosmopoliswa.gov/,Kyle Pauley,1670,PO Box 2007,Cosmopolis,WA,98537,Grays Harbor,"PO Box 2007,Cosmopolis,WA 98537",46.955372,-123.773776,"46.955372,-123.773776"
Town of Coulee City,Town of Coulee City,https://www.couleecitywa.org/,ShirleyRae Maes,560,PO Box 398,Coulee City,WA,99115,Grant,"PO Box 398,Coulee City,WA 99115",47.611256,-119.29225,"47.611256,-119.29225"
City of Covington,City of Covington,https://www.covingtonwa.gov/,Jeff Wagner,21600,16720 SE 271st St Ste 100,Covington,WA,98042-7342,King,"16720 SE 271st St Ste 100,Covington,WA 98042-7342",47.35922,-122.11807,"47.35922,-122.11807"
City of Davenport,City of Davenport,https://www.davenportwa.us/,Bradley Sweet,1725,PO Box 26,Davenport,WA,99122-0026,Lincoln,"PO Box 26,Davenport,WA 99122-0026",47.654046,-118.149973,"47.654046,-118.149973"
City of Dayton,City of Dayton,https://www.daytonwa.com/,Zac Weatherford,2445,111 S 1st St,Dayton,WA,99328-1306,Columbia,"111 S 1st St,Dayton,WA 99328-1306",46.31927,-117.97977,"46.31927,-117.97977"
City of Des Moines,City of Des Moines,https://www.desmoineswa.gov/,Matt Mahoney,33260,21630 11th Ave S,Des Moines,WA,98198-6317,King,"21630 11th Ave S,Des Moines,WA 98198-6317",47.40749,-122.31918,"47.40749,-122.31918"
City of DuPont,City of DuPont,https://www.dupontwa.gov/,Ronald Frederick,10180,1700 Civic Dr,Dupont,WA,98327-9603,Pierce,"1700 Civic Dr,Dupont,WA 98327-9603",47.10597,-122.64603,"47.10597,-122.64603"
City of Duvall,City of Duvall,https://www.duvallwa.gov/,Amy Ockerlander,8530,PO Box 1300,Duvall,WA,98019,King,"PO Box 1300,Duvall,WA 98019",47.738075,-121.985332,"47.738075,-121.985332"
City of East Wenatchee,City of East Wenatchee,https://www.east-wenatchee.com/,Jerrilea Crawford,14210,271 9th St NE,East Wenatchee,WA,98802-4438,Douglas,"271 9th St NE,East Wenatchee,WA 98802-4438",47.41138,-120.28768,"47.41138,-120.28768"
Town of Eatonville,Town of Eatonville,https://www.eatonville-wa.gov/,David Baublits,2900,PO Box 309,Eatonville,WA,98328,Pierce,"PO Box 309,Eatonville,WA 98328",46.868252,-122.270068,"46.868252,-122.270068"
City of Electric City,City of Electric City,https://www.electriccity.us/,Diane Kohout,965,PO Box 130,Electric City,WA,99123,Grant,"PO Box 130,Electric City,WA 99123",47.932374,-119.038078,"47.932374,-119.038078"
City of Entiat,City of Entiat,https://www.entiatwa.us/,Michael Buckingham,1360,PO Box 228,Entiat,WA,98822,Chelan,"PO Box 228,Entiat,WA 98822",47.675964,-120.20841,"47.675964,-120.20841"
Town of Garfield,Town of Garfield,https://www.garfieldwa.com/,Jarrod Pfaff,565,PO Box 218,Garfield,WA,99130,Whitman,"PO Box 218,Garfield,WA 99130",47.007949,-117.141007,"47.007949,-117.141007"
City of George,City of George,https://www.garfieldwa.com/,Gerene Nelson,885,PO Box 5277,George,WA,98824,Grant,"PO Box 5277,George,WA 98824",47.079071,-119.856998,"47.079071,-119.856998"
City of Kennewick,City of Kennewick,https://www.go2kennewick.com/,Bill McKay,86470,PO Box 6108,Kennewick,WA,99336,Benton,"PO Box 6108,Kennewick,WA 99336",46.203029,-119.118093,"46.203029,-119.118093"
City of Grandview,City of Grandview,https://www.grandview.wa.us/,Gloria Mendoza,11250,207 W 2nd St,Grandview,WA,98930-1360,Yakima,"207 W 2nd St,Grandview,WA 98930-1360",46.25519,-119.90443,"46.25519,-119.90443"
City of Harrington,City of Harrington,https://www.harringtonbiz.com/,Jesse Silhan,435,PO Box 492,Harrington,WA,99134,Lincoln,"PO Box 492,Harrington,WA 99134",47.480987,-118.254419,"47.480987,-118.254419"
Town of Hunts Point,Town of Hunts Point,https://www.huntspoint-wa.gov/,Joseph Sabey,460,3000 Hunts Point Rd,Hunts Point,WA,98004-1121,King,"3000 Hunts Point Rd,Hunts Point,WA 98004-1121",47.6373,-122.22724,"47.6373,-122.22724"
City of Ilwaco,City of Ilwaco,https://www.ilwaco-wa.gov/,Mike Cassinelli,1110,PO Box 548,Ilwaco,WA,98624,Pacific,"PO Box 548,Ilwaco,WA 98624",46.309036,-124.043664,"46.309036,-124.043664"
City of Kelso,City of Kelso,https://www.kelso.gov/,Mike Karnofski,12750,PO Box 819,Kelso,WA,98626,Cowlitz,"PO Box 819,Kelso,WA 98626",46.14521,-122.909829,"46.14521,-122.909829"
City of Kent,City of Kent,https://www.kentwa.gov/,Dana Ralph,139100,220 Fourth Ave S,Kent,WA,98032-5838,King,"220 Fourth Ave S,Kent,WA 98032-5838",47.38069,-122.23706,"47.38069,-122.23706"
City of Lake Stevens,City of Lake Stevens,https://www.lakestevenswa.gov/,Brett Gailey,41260,PO Box 257,Lake Stevens,WA,98258,Snohomish,"PO Box 257,Lake Stevens,WA 98258",48.019779,-122.066091,"48.019779,-122.066091"
City of Langley,City of Langley,https://www.langleywa.org/,Scott Chaplin,1165,PO Box 366,Langley,WA,98260,Island,"PO Box 366,Langley,WA 98260",48.039981,-122.409405,"48.039981,-122.409405"
City of Liberty Lake,City of Liberty Lake,https://www.libertylakewa.gov/,Cristella Kaminskas,13150,22710 E Country Vista Dr,Liberty Lake,WA,99019-7592,Spokane,"22710 E Country Vista Dr,Liberty Lake,WA 99019-7592",47.66771,-117.10015,"47.66771,-117.10015"
Town of Lind,Town of Lind,https://www.lindwa.com/,Paula Bell,535,PO Box F,Lind,WA,99341,Adams,"PO Box F,Lind,WA 99341",46.972091,-118.616231,"46.972091,-118.616231"
City of Long Beach,City of Long Beach,https://www.longbeachwa.gov/,Jerry Phillips,1730,PO Box 310,Long Beach,WA,98631,Pacific,"PO Box 310,Long Beach,WA 98631",46.35232,-124.054331,"46.35232,-124.054331"
City of Lynden,City of Lynden,https://www.lyndenwa.org/,Scott Korthuis,16520,PO Box 650,Lynden,WA,98264,Whatcom,"PO Box 650,Lynden,WA 98264",48.942504,-122.454839,"48.942504,-122.454839"
City of Lynnwood,City of Lynnwood,https://www.lynnwoodwa.gov/,Christine Frizzell,40790,19100 44th Ave W,Lynnwood,WA,98036-5635,Snohomish,"19100 44th Ave W,Lynnwood,WA 98036-5635",47.82603,-122.29353,"47.82603,-122.29353"
City of Mabton,City of Mabton,https://www.lynnwoodwa.gov/,Rachel Ruelas,1965,PO Box 655,Mabton,WA,98935,Yakima,"PO Box 655,Mabton,WA 98935",46.214848,-119.996708,"46.214848,-119.996708"
City of Maple Valley,City of Maple Valley,https://www.maplevalleywa.gov/,Sean Kelly,29250,PO Box 320,Maple Valley,WA,98038-0320,King,"PO Box 320,Maple Valley,WA 98038-0320",47.391773,-122.047122,"47.391773,-122.047122"
Town of Marcus,Town of Marcus,https://www.marysvillewa.gov/,Christopher Fox,215,PO Box 98,Marcus,WA,99151,Stevens,"PO Box 98,Marcus,WA 99151",48.663236,-118.068323,"48.663236,-118.068323"
City of Marysville,City of Marysville,https://www.marysvillewa.gov/,Jon Nehring,73780,501 Delta Ave,Marysville,WA,98270,Snohomish,"501 Delta Ave,Marysville,WA 98270",48.053035,-122.179005,"48.053035,-122.179005"
City of Medical Lake,City of Medical Lake,https://www.medical-lake.org/,Terri Cooper,4915,PO Box 369,Medical Lake,WA,99022,Spokane,"PO Box 369,Medical Lake,WA 99022",47.57271,-117.682392,"47.57271,-117.682392"
City of Millwood,City of Millwood,https://www.millwoodwa.us/,Kevin Freeman,1925,9103 E Frederick,Millwood,WA,99206,Spokane,"9103 E Frederick,Millwood,WA 99206",47.68521,-117.282295,"47.68521,-117.282295"
City of Longview,City of Longview,https://www.mylongview.com/,MaryAlice Wallis,38130,PO Box 128,Longview,WA,98632,Cowlitz,"PO Box 128,Longview,WA 98632",46.137849,-122.93887,"46.137849,-122.93887"
City of Okanogan,City of Okanogan,https://www.okanogancity.com/directory,Wayne Turner,2420,PO Box 752,Okanogan,WA,98840,Okanogan,"PO Box 752,Okanogan,WA 98840",48.361262,-119.583387,"48.361262,-119.583387"
City of Renton,City of Renton,https://www.rentonwa.gov/city_hall/city_directory,Armondo Pavone,107900,1055 S Grady Way,Renton,WA,98057-3232,King,"1055 S Grady Way,Renton,WA 98057-3232",47.4746,-122.20488,"47.4746,-122.20488"
Town of Rockford,Town of Rockford,https://www.rockfordwa.com/,Carrie Roecks,570,PO Box 49,Rockford,WA,99030,Spokane,"PO Box 49,Rockford,WA 99030",47.452121,-117.130747,"47.452121,-117.130747"
City of Royal City,City of Royal City,https://www.royalcitywa.org/,Kent Andersen,1910,PO Box 1239,Royal City,WA,99357,Grant,"PO Box 1239,Royal City,WA 99357",46.90097,-119.630591,"46.90097,-119.630591"
City of Ruston,City of Ruston,https://www.rustonwa.org/,Bruce Hopkins,1065,5117 N Winnifred St,Ruston,WA,98407-6512,Pierce,"5117 N Winnifred St,Ruston,WA 98407-6512",47.29879,-122.51255,"47.29879,-122.51255"
City of Sammamish,City of Sammamish,https://www.sammamish.us/government/about/contact-us/staff-list/,Kali Clark,68280,801 228th Ave SE,Sammamish,WA,98075,King,"801 228th Ave SE,Sammamish,WA 98075",47.60132,-122.03681,"47.60132,-122.03681"
City of Shelton,City of Shelton,https://www.sheltonwa.gov/index.php,Eric Onisko,10420,525 W Cota St,Shelton,WA,98584-2239,Mason,"525 W Cota St,Shelton,WA 98584-2239",47.21204,-123.105645,"47.21204,-123.105645"
Town of Skykomish,Town of Skykomish,https://www.skykomishwa.gov/,Henry Sladek,165,PO Box 308,Skykomish,WA,98288,King,"PO Box 308,Skykomish,WA 98288",47.709272,-121.360568,"47.709272,-121.360568"
City of Soap Lake,City of Soap Lake,https://www.soaplakewa.gov/,Michelle Agliano,1765,PO Box 1270,Soap Lake,WA,98851,Grant,"PO Box 1270,Soap Lake,WA 98851",47.389307,-119.490591,"47.389307,-119.490591"
City of South Bend,City of South Bend,https://www.southbend-wa.gov/,Julie Struck,1755,PO Box 9,South Bend,WA,98586,Pacific,"PO Box 9,South Bend,WA 98586",46.665381,-123.810567,"46.665381,-123.810567"
Town of St John,Town of St John,https://www.stjohnwa.com/,Mike Webb,605,PO Box 298,St John,WA,99171,Whitman,"PO Box 298,St John,WA 99171",47.091556,-117.581864,"47.091556,-117.581864"
City of Tonasket,City of Tonasket,https://www.tonasketcity.org/,Ren Maldonado,1085,PO Box 487,Tonasket,WA,98855,Okanogan,"PO Box 487,Tonasket,WA 98855",48.705278,-119.436891,"48.705278,-119.436891"
Town of Cathlamet,Town of Cathlamet,https://www.townofcathlamet.com/,David Olson,575,375 Second St,Cathlamet,WA,98612,Wahkiakum,"375 Second St,Cathlamet,WA 98612",46.20467,-123.3861,"46.20467,-123.3861"
Town of Coulee Dam,Town of Coulee Dam,https://www.townofcouleedam.org/,Bob Poch,1210,300 Lincoln Ave,Coulee Dam,WA,99116-1419,"Okanogan, Douglas, Grant","300 Lincoln Ave,Coulee Dam,WA 99116-1419",47.96188,-118.986093,"47.96188,-118.986093"
Town of Coupeville,Town of Coupeville,https://www.townofcoupeville.org/,Molly Hughes,1995,1 NE 7th St,Coupeville,WA,98239,Island,"1 NE 7th St,Coupeville,WA 98239",48.21823,-122.685595,"48.21823,-122.685595"
Town of Elmer City,Town of Elmer City,https://www.townofelmercity.com,Jesse Tillman,245,PO Box 179,Elmer City,WA,99124,Okanogan,"PO Box 179,Elmer City,WA 99124",47.997931,-118.954466,"47.997931,-118.954466"
Town of La Conner,Town of La Conner,https://www.townoflaconner.org,Ramon Hayes,990,PO Box 400,La Conner,WA,98257,Skagit,"PO Box 400,La Conner,WA 98257",48.391887,-122.494249,"48.391887,-122.494249"
Town of Lyman,Town of Lyman,https://www.townoflyman.com/,Eddie Hills,425,PO Box 1248,Lyman,WA,98263,Skagit,"PO Box 1248,Lyman,WA 98263",48.525159,-122.060896,"48.525159,-122.060896"
Town of Naches,Town of Naches,https://www.townofnaches.com/,Paul Williams,1120,PO Box 95,Naches,WA,98937,Yakima,"PO Box 95,Naches,WA 98937",46.730434,-120.70102,"46.730434,-120.70102"
Town of Rosalia,Town of Rosalia,https://www.townofrosalia.net/,Lee Root,585,PO Box 277,Rosalia,WA,99170,Whitman,"PO Box 277,Rosalia,WA 99170",47.236005,-117.369813,"47.236005,-117.369813"
Town of South Prairie,Town of South Prairie,https://www.townofsp.com/,Carolyn Norris,645,PO Box 870,South Prairie,WA,98385,Pierce,"PO Box 870,South Prairie,WA 98385",47.139268,-122.098169,"47.139268,-122.098169"
Town of Woodway,Town of Woodway,https://www.townofwoodway.com/,Mike Quinn,1340,23920 113th Pl W,Woodway,WA,98020-5205,Snohomish,"23920 113th Pl W,Woodway,WA 98020-5205",47.78171,-122.38514,"47.78171,-122.38514"
Town of Yacolt,Town of Yacolt,https://www.townofyacolt.com/,Katie Listek,1670,PO Box 160,Yacolt,WA,98675,Clark,"PO Box 160,Yacolt,WA 98675",45.865504,-122.407031,"45.865504,-122.407031"
City of Yakima,City of Yakima,https://www.townofyacolt.com/,Janice Deccio,98650,129 N 2nd St,Yakima,WA,98901-2613,Yakima,"129 N 2nd St,Yakima,WA 98901-2613",46.604913,-120.50521,"46.604913,-120.50521"
City of Tukwila,City of Tukwila,https://www.tukwilawa.gov/,Allan Ekberg,22780,6200 Southcenter Blvd,Tukwila,WA,98188-2544,King,"6200 Southcenter Blvd,Tukwila,WA 98188-2544",47.46321,-122.25552,"47.46321,-122.25552"
Town of Uniontown,Town of Uniontown,https://www.uniontown.org/,Mike Shore,400,PO Box 87,Uniontown,WA,99179,Whitman,"PO Box 87,Uniontown,WA 99179",46.539329,-117.087663,"46.539329,-117.087663"
City of Wenatchee,City of Wenatchee,https://www.wenatcheewa.gov/,Frank Kuntz,35850,PO Box 519,Wenatchee,WA,98807,Chelan,"PO Box 519,Wenatchee,WA 98807",47.442665,-120.327805,"47.442665,-120.327805"
City of West Richland,City of West Richland,https://www.westrichland.org/,Brent Gerry,17840,3100 Belmont Blvd,West Richland,WA,99353-7865,Benton,"3100 Belmont Blvd,West Richland,WA 99353-7865",46.28287,-119.3626,"46.28287,-119.3626"
City of White Salmon,City of White Salmon,https://www.white-salmon.net/contact,Marla Keethler,2500,PO Box 2139,White Salmon,WA,98672,Klickitat,"PO Box 2139,White Salmon,WA 98672",45.727619,-121.486462,"45.727619,-121.486462"
Town of Yarrow Point,Town of Yarrow Point,https://www.yarrowpointwa.gov/,Katy Harris,1135,4030 95th Ave NE,Yarrow Point,WA,98004-1358,King,"4030 95th Ave NE,Yarrow Point,WA 98004-1358",47.64736,-122.21385,"47.64736,-122.21385"
City of Yelm,City of Yelm,https://www.yelmwa.gov/,Joe DePinto,10770,106 Second St SE,Yelm,WA,98597,Thurston,"106 Second St SE,Yelm,WA 98597",46.940785,-122.60592,"46.940785,-122.60592"
Town of Albion,Town of Albion,"https://web.archive.org/web/20040306063650/http://www.palouse.org/albion/https://en.wikipedia.org/wiki/Albion,_Washington",Carolyn Emerson-Farr,540,PO Box 38,Albion,WA,99102,Whitman,"PO Box 38,Albion,WA 99102",46.790997,-117.250453,"46.790997,-117.250453"
Town of Creston,Town of Creston,"https://en.wikipedia.org/wiki/Creston,_Washington",Rosario Felice,220,PO Box 131,Creston,WA,99117,Lincoln,"PO Box 131,Creston,WA 99117",47.758488,-118.519718,"47.758488,-118.519718"
Town of Cusick,Town of Cusick,"https://en.wikipedia.org/wiki/Cusick,_Washington",Duane Schofield,155,PO Box 263,Cusick,WA,99119,Pend Oreille,"PO Box 263,Cusick,WA 99119",48.337406,-117.297166,"48.337406,-117.297166"
Town of Harrah,Town of Harrah,"https://en.wikipedia.org/wiki/Harrah,_Washington",Barbara Harrer,580,PO Box 10,Harrah,WA,98933,Yakima,"PO Box 10,Harrah,WA 98933",46.405405,-120.544525,"46.405405,-120.544525"
Town of Hartline,Town of Hartline,"https://en.wikipedia.org/wiki/Hartline,_Washington",Andrew Allsbrook,180,941 Willard St,Hartline,WA,99135-5134,Grant,"941 Willard St,Hartline,WA 99135-5134",47.690505,-119.106606,"47.690505,-119.106606"
Town of Hatton,Town of Hatton,"https://en.wikipedia.org/wiki/Hatton,_Washington",Justine Pherigo,80,150 Bronson St,Hatton,WA,99344-9494,Adams,"150 Bronson St,Hatton,WA 99344-9494",46.77563,-118.82864,"46.77563,-118.82864"
Town of Ione,Town of Ione,"https://web.archive.org/web/20110319013813/http://www.pendoreilleco.org/cities/i_details.asphttps://en.wikipedia.org/wiki/Ione,_Washington",Eva Marie Warren,425,PO Box 498,Ione,WA,99139,Pend Oreille,"PO Box 498,Ione,WA 99139",48.741327,-117.420484,"48.741327,-117.420484"
City of Kahlotus,City of Kahlotus,"https://en.wikipedia.org/wiki/Kahlotus,_Washington",Janelle Romeike,145,PO Box 100,Kahlotus,WA,99335,Franklin,"PO Box 100,Kahlotus,WA 99335",46.642182,-118.556099,"46.642182,-118.556099"
Town of Krupp,Town of Krupp,"https://en.wikipedia.org/wiki/Marlin,_Washington",Tracy Lesser,45,PO Box 227,Krupp,WA,98832,Grant,"PO Box 227,Krupp,WA 98832",47.40828,-118.987459,"47.40828,-118.987459"
Town of Metaline,Town of Metaline,"https://en.wikipedia.org/wiki/Metaline,_Washington",Peter Daggett,160,PO Box 85,Metaline,WA,99152,Pend Oreille,"PO Box 85,Metaline,WA 99152",48.850475,-117.3908,"48.850475,-117.3908"
Town of Metaline Falls,Town of Metaline Falls,"https://en.wikipedia.org/wiki/Metaline_Falls,_Washington",Tara Leininger,275,PO Box 277,Metaline Falls,WA,99153,Pend Oreille,"PO Box 277,Metaline Falls,WA 99153",48.863621,-117.371888,"48.863621,-117.371888"
City of Morton,City of Morton,"https://en.wikipedia.org/wiki/Morton,_Washington",Dan Mortensen,1080,PO Box 1089,Morton,WA,98356,Lewis,"PO Box 1089,Morton,WA 98356",46.586123,-122.24464,"46.586123,-122.24464"
Town of Nespelem,Town of Nespelem,"https://en.wikipedia.org/wiki/Nespelem,_Washington",Darcy Epperson,185,PO Box 240,Nespelem,WA,99155,Okanogan,"PO Box 240,Nespelem,WA 99155",48.1671,-118.974748,"48.1671,-118.974748"
Town of Reardan,Town of Reardan,"https://en.wikipedia.org/wiki/Reardan,_Washington",Gail Daniels,650,PO Box 228,Reardan,WA,99029,Lincoln,"PO Box 228,Reardan,WA 99029",47.669606,-117.877734,"47.669606,-117.877734"
Town of Riverside,Town of Riverside,"https://en.wikipedia.org/wiki/Riverside,_Washington",Kyle Nelson,325,PO Box 188,Riverside,WA,98849,Okanogan,"PO Box 188,Riverside,WA 98849",48.509186,-119.513472,"48.509186,-119.513472"
Town of South Cle Elum,Town of South Cle Elum,"https://en.wikipedia.org/wiki/South_Cle_Elum,_Washington",James DeVere,565,PO Box 160,South Cle Elum,WA,98943,Kittitas,"PO Box 160,South Cle Elum,WA 98943",47.185797,-120.950386,"47.185797,-120.950386"
Town of Spangle,Town of Spangle,"https://en.wikipedia.org/wiki/Spangle,_Washington",Melissa Holling,280,PO Box 147,Spangle,WA,99031,Spokane,"PO Box 147,Spangle,WA 99031",47.427394,-117.380199,"47.427394,-117.380199"
Town of Starbuck,Town of Starbuck,"https://en.wikipedia.org/wiki/Starbuck,_Washington",Zonia Dedloff,120,PO Box 276,Starbuck,WA,99359,Columbia,"PO Box 276,Starbuck,WA 99359",46.519588,-118.128845,"46.519588,-118.128845"
Town of Waverly,Town of Waverly,"https://en.wikipedia.org/wiki/Waverly,_Washington",Paul Curtis,120,PO Box 37,Waverly,WA,99039,Spokane,"PO Box 37,Waverly,WA 99039",47.342847,-117.228295,"47.342847,-117.228295"